-- phpMyAdmin SQL Dump
-- version 5.2.1
-- https://www.phpmyadmin.net/
--
-- Host: localhost
-- Generation Time: Dec 06, 2024 at 07:18 AM
-- Server version: 8.0.39
-- PHP Version: 8.2.26

SET SQL_MODE = "NO_AUTO_VALUE_ON_ZERO";
START TRANSACTION;
SET time_zone = "+00:00";


/*!40101 SET @OLD_CHARACTER_SET_CLIENT=@@CHARACTER_SET_CLIENT */;
/*!40101 SET @OLD_CHARACTER_SET_RESULTS=@@CHARACTER_SET_RESULTS */;
/*!40101 SET @OLD_COLLATION_CONNECTION=@@COLLATION_CONNECTION */;
/*!40101 SET NAMES utf8mb4 */;

--
-- Database: `fields_of_mistria`
--

-- --------------------------------------------------------

--
-- Table structure for table `characters`
--

CREATE TABLE `characters` (
  `character_id` int NOT NULL,
  `name` varchar(100) COLLATE utf8mb4_general_ci NOT NULL,
  `image` varchar(100) COLLATE utf8mb4_general_ci NOT NULL,
  `description` text COLLATE utf8mb4_general_ci,
  `created_at` timestamp NULL DEFAULT CURRENT_TIMESTAMP,
  `updated_at` timestamp NULL DEFAULT CURRENT_TIMESTAMP ON UPDATE CURRENT_TIMESTAMP
) ENGINE=InnoDB DEFAULT CHARSET=utf8mb4 COLLATE=utf8mb4_general_ci;

--
-- Dumping data for table `characters`
--

INSERT INTO `characters` (`character_id`, `name`, `image`, `description`, `created_at`, `updated_at`) VALUES
(10, 'Caldarus', 'uploads/caldarus.png', '<div>\r\n<div>Caldarus is a (technical) resident in Mistria.</div>\r\n<div>&nbsp;</div>\r\n<div>The Player unknowingly enters a pact with the dragon guardian when they repair a broken statue of him.</div>\r\n<div>&nbsp;</div>\r\n<div>Caldarus enters the player\'s dream before Spring 3, and requests the Player bring him Essence.</div>\r\n<div>&nbsp;</div>\r\n<div>In return, the Player can upgrade their Skills at the statue.&nbsp;</div>\r\n<div>&nbsp;</div>\r\n<div>Caldarus was only recently awoken by The Player after being sealed, so he appears to have amnesia.</div>\r\n<div>&nbsp;</div>\r\n<div>He refers to the Player as \'mortal\', implying he is immortal</div>\r\n</div>', '2024-12-04 11:15:09', '2024-12-05 21:18:56'),
(12, 'Dozy', 'uploads/dozy.png', '<p>Dozy is one of the many villagers in Fields of Mistria.</p>\r\n<p>Juniper\'s trusty and reliable familiar, without whom the bathhouse would surely fall apart.</p>\r\n<p>A very good boy.</p>', '2024-12-04 11:15:40', '2024-12-04 14:59:14'),
(13, 'Dell', 'uploads/dell.png', '<p>Dell is one of the many villagers in Fields of Mistria.</p>\r\n<p>She is the excitable, wildchild leader of the Dragonguard.</p>\r\n<p>Younger sister to Celine, daughter of Nora and Holt.</p>', '2024-12-04 11:15:48', '2024-12-05 08:48:23'),
(14, 'Elsie', 'uploads/elsie.png', '<p>Elsie is one of the many villagers in Fields of Mistria. She is the aunt of Eiland and Adeline</p>\r\n<p>&nbsp;</p>', '2024-12-04 11:15:58', '2024-12-05 08:38:37'),
(15, 'Errol', 'uploads/errol.png', '<p>Errol is one of the many villagers in Fields of Mistria.</p>\r\n<p>He is a member of the Historical Society, alongside Eiland, Terithia and Olric, and works as the curator at Mistria\'s museum.</p>\r\n<p>He also used to be the previous mines foreman.</p>', '2024-12-04 11:16:08', '2024-12-04 14:59:47'),
(16, 'Henrietta', 'uploads/henrietta.png', '<p>Henrietta is Hayden\'s prize pet chicken.</p>\r\n<p>She lives on Sweetwater Farm.</p>', '2024-12-04 11:16:18', '2024-12-04 15:00:15'),
(17, 'Holt', 'uploads/holt.png', '<p>Holt is one of the many villagers in Fields of Mistria.</p>\r\n<p>He is Nora\'s husband, as well as Celine and Dell\'s father.</p>\r\n<p>He has a penchant for puns.</p>', '2024-12-04 11:16:29', '2024-12-04 15:00:23'),
(18, 'Josephine', 'uploads/josephine.png', '<p>Josephine is one of the many villagers in Fields of Mistria. Innkeeper, and Co-Owner.</p>\r\n<p>Married to Hemlock, mother to Reina, Luc and Maple.</p>', '2024-12-04 11:16:41', '2024-12-04 15:00:36'),
(19, 'Landen', 'uploads/landen.png', 'Landen is one of the many villagers in Fields of Mistria. Suave, \'retired\' carpenter who, ah, you\'re doing it wrong, let me show you how a pro does it! Uncle to Ryis.\r\n\r\n', '2024-12-04 11:16:56', '2024-12-04 11:53:51'),
(20, 'Louis', 'uploads/louis.png', '<p>Louis was once a Legendary tailor, however he was banished from the Capital.</p>\r\n<p>He is now one of the many Market Vendors that visit Mistria on Saturday.</p>', '2024-12-04 11:17:09', '2024-12-04 15:01:14'),
(21, 'Nora', 'uploads/nora.png', '<p>Nora is one of the many villagers in Fields of Mistria. She runs the General Store alongside her husband, Holt.</p>\r\n<p>She\'s the mother to Celine and Dell. As both the Head of Commerce and the Saturday Market for Mistria,</p>\r\n<p>Nora is a rather keen, business-minded woman who keeps all her ledgers neat and tidy.&nbsp;</p>\r\n<p>While she can be stern--at least in comparison to her husband</p>\r\n<p>--Nora isn\'t too stuffy to enjoy a game of Dragons &amp; Drama with her daughter, Dell, and the other villagers on the occasional Friday Nights at the Inn.</p>', '2024-12-04 11:17:24', '2024-12-04 15:02:21'),
(22, 'Olric', 'uploads/olric.png', '<p>Olric is one of the many villagers in Fields of Mistria.</p>\r\n<p>Olric has a friendly and cheerful personality, and lives at the Blacksmith with his brother March.</p>\r\n<p>Olric can be seen helping at various places in Mistria, including the Blacksmith, The Sleeping Dragon Inn, General Store and etc.</p>', '2024-12-04 11:17:34', '2024-12-04 15:02:37'),
(23, 'Priestess', 'uploads/priestess.png', '<p>Priestess is one of the many characters in Fields of Mistria.</p>\r\n<p>She is first encountered on Floor 20 of The Mines.</p>', '2024-12-04 11:17:43', '2024-12-04 15:02:47'),
(24, 'Terithia', 'uploads/terithia.png', '<p>Terithia is one of the many villagers in Fields of Mistria.</p>\r\n<p>She lives on The Beach where she runs a Tackle Shop selling Fishing Rods and Fish.</p>\r\n<p>Rough and tough fisherwoman and former soldier with a million stories to tell, living by the ocean.</p>', '2024-12-04 11:17:52', '2024-12-04 15:03:17'),
(25, 'Vera', 'uploads/vera.png', 'Vera is one of the many Market Vendors that visit Mistria on Saturday.', '2024-12-04 11:18:05', '2024-12-04 11:48:10'),
(28, 'Luc', 'uploads/luc.png', '<p>Luc is one of the many villagers in Fields of Mistria.</p>\r\n<p>He is a budding entomologist with big dreams and bigger bugs.</p>\r\n<p>He is the son of Hemlock and Josephine, and the younger brother of his sisters Reina and Maple.&nbsp;</p>\r\n<p>He is a member of the Dragonguard, a group ran by Dell.</p>', '2024-12-04 11:18:38', '2024-12-04 15:01:27'),
(41, 'Ryis', 'uploads/ryis.png', '<p>Ryis is one of the many villagers in Fields of Mistria, and is a marriage candidate.</p>\r\n<p>Like his Uncle Landen, he is a woodworker and runs the Carpenter\'s Shop in The Eastern Road.</p>\r\n<p>Ryis\'s family is from the Capital, where his sisters still live.</p>\r\n<p>He has a thoughtful and calm personality.</p>\r\n<p>In his spare time, he enjoys birdwatching.&nbsp;</p>', '2024-12-05 07:30:19', '2024-12-05 07:30:19'),
(42, 'Hayden', 'uploads/hayden.png', '<p>Hayden is one of the many villagers in Fields of&nbsp;Mistria, and is a marriage candidate.</p>\r\n<p>He lives and works on Sweetwater Farm, and is the westwardly neighbour of the player character.</p>\r\n<p>Bold and friendly, he gifts the player a watering can and three bags of turnip seeds upon starting a new game.</p>\r\n<p>Hayden loves animals, especially his prize chicken Henrietta.</p>\r\n<p>He will happily sell you animals from his house.</p>', '2024-12-05 07:31:01', '2024-12-05 07:31:01'),
(43, 'Eiland', 'uploads/eiland.png', '<p>Eiland is one of the many villagers in Fields of Mistria, and is a marriage candidate.</p>\r\n<p>He likes archaeology, and is head of the Historical Society.</p>\r\n<p>The other members of the Historical Society are Errol, Terithia, and Olric, and he will invite the Player to join them.</p>\r\n<p>He believes that reconnecting with Mistria\'s past is the key to its future.</p>\r\n<p>On day 2 he gives the Player the Worn Axe.</p>', '2024-12-05 07:32:31', '2024-12-05 08:37:59'),
(44, 'Valen', 'uploads/valen.png', '<p>Valen is one of the many villagers in Fields of Mistria, and is a marriage candidate.</p>\r\n<p>She works at the Clinic, which has been owned by her family for generations.</p>\r\n<p>Valen displays an informal, friendly approach to her profession as she insists that the player call her Valen instead of Doctor.</p>\r\n<p>When you faint in the Mines, it is Valen who revives you and tells you off after you wake up in her Clinic.</p>\r\n<p>There is no service fee, however there are other consequence from fainting.</p>\r\n<p>She sell Syrups in her Clinic that give a variety of buffs.</p>', '2024-12-05 07:33:00', '2024-12-05 21:23:31'),
(46, 'Maple', 'uploads/maple.png', '<p>Maple is one of the many villagers in Fields of Mistria. Sister to Reina and Luc, daughter of Hemlock and Josephine.</p>', '2024-12-05 07:36:52', '2024-12-05 07:41:29'),
(47, 'Celine', 'uploads/celine.png', '<p>Celine is a romanceable character and one of the many villagers in Fields of Mistria.</p>\r\n<p>She lives northward of the farm in a cottage.</p>\r\n<p>She gifts the player a hoe and three bags of tulip seeds upon starting a new game.</p>\r\n<p>Her family owns the General Store.</p>', '2024-12-05 07:37:25', '2024-12-05 07:40:57'),
(48, 'March', 'uploads/march.png', '<p>March is one of the many villagers in Fields of Mistria, and is a marriage candidate.</p>\r\n<p>The game describes him as \"an award-winning blacksmith with a chip on his shoulder\"</p>\r\n<p>March is the village&rsquo;s blacksmith, having inherited the forge and his skills from a long family line of master craftspeople.</p>\r\n<p>While he\'ll be curt with you at first, and is a bit vain and grumpy, his heart is not impenetrable</p>', '2024-12-05 07:37:46', '2024-12-05 07:37:46'),
(51, 'Juniper', 'uploads/juniper.png', '<p>Juniper is one of the many villagers in Fields of Mistria, and is a marriage candidate.</p>\r\n<p>She is the owner of the Bathhouse alongside her familiar, Dozy.</p>\r\n<p>Juniper is a mysterious sorceress drawn to Mistria when she learns that magical mists and monsters of legend have begun appearing in the area after the recent earthquake.</p>\r\n<p>She then starts up a bath house.</p>\r\n<p>The bath house is largely a cover for testing her newly empowered potions and spells on the player and other unsuspecting townsfolk, usually resulting in buffs (and occasionally funny accidents</p>', '2024-12-05 07:50:54', '2024-12-05 07:53:02'),
(52, 'Reina', 'uploads/reina.png', '<p>Reina is one of the many villagers in Fields of Mistria, and is a marriage candidate.</p>\r\n<p>She works at the Sleeping Dragon Inn and enjoys reading in front of the fireplace on a rainy day. She is the daughter of Hemlock and Josephine and the older sister of Luc and Maple.</p>\r\n<p>She is hard-working, friendly, and a romantic. She loves cooking, often experimenting with new recipes. She can often be found in the kitchen of the Sleeping Dragon Inn or tending to the gardens in front of the Manor.</p>', '2024-12-05 07:58:36', '2024-12-05 07:58:36'),
(53, 'Adeline', 'uploads/adeline.png', '<p>Adeline is one of the many villagers in Fields of Mistria, and is a marriage candidate. She is the daughter of the Baron and Baroness of Mistria and its current Town Leader.</p>\r\n<p>In the aftermath of a disastrous earthquake, and with her parents called away to the Capital, Adeline and her brother, Eiland, are left to step up and manage the town of Mistria in their place.</p>\r\n<p>The \"restoration and revitalization\" of&nbsp;Mistria is her life\'s goal[1] and she works tirelessly to this end.</p>\r\n<p>Luckily for her, Adeline\'s work often doubles as her play--things like filling out tax documents are fun to her--and she takes on each task with equal parts determination and enthusiasm.</p>\r\n<p>She stays perfectly organized every single step of the way, too, thanks to her many binders, charts, and presentations.</p>', '2024-12-05 08:00:04', '2024-12-05 08:00:04'),
(54, 'Balor', 'uploads/balor.png', '<p>Balor is one of the many villagers in Fields of Mistria, and is a marriage candidate. He can regularly be found staying at the Sleeping Dragon Inn or selling his wares at his shop, Balor\'s Wagon.</p>\r\n<p>He is said to always have \"a smile and a great deal ready for customers\"</p>', '2024-12-05 08:00:59', '2024-12-05 08:52:00'),
(66, '???', 'uploads/Fom-mystery1.png', '<p>Announce soon!</p>', '2024-12-05 19:50:22', '2024-12-05 19:50:22'),
(67, '????', 'uploads/Fom-mystery2.png', '<p>Announce soon!</p>\r\n<p>&nbsp;</p>', '2024-12-05 19:50:49', '2024-12-06 01:07:23'),
(73, 'Pikachu', 'uploads/pikachu.png', '&lt;p&gt;This is pikachu from pokemon franchise, an electric type pokemon&lt;/p&gt;', '2024-12-06 00:37:25', '2024-12-06 00:37:25');

-- --------------------------------------------------------

--
-- Table structure for table `comments`
--

CREATE TABLE `comments` (
  `comment_id` int NOT NULL,
  `user_id` int NOT NULL,
  `content` text COLLATE utf8mb4_general_ci,
  `created_at` timestamp NULL DEFAULT CURRENT_TIMESTAMP,
  `likes` int DEFAULT '0'
) ENGINE=InnoDB DEFAULT CHARSET=utf8mb4 COLLATE=utf8mb4_general_ci;

--
-- Dumping data for table `comments`
--

INSERT INTO `comments` (`comment_id`, `user_id`, `content`, `created_at`, `likes`) VALUES
(1, 1, 'So cool!', '2024-12-06 04:34:14', 0),
(3, 1, 'hey', '2024-12-06 04:37:49', 0),
(4, 1, 'hey', '2024-12-06 04:39:09', 0),
(5, 1, 'dang', '2024-12-06 04:41:36', 0),
(6, 1, 'dang', '2024-12-06 04:41:48', 0),
(7, 1, 'wait', '2024-12-06 04:45:00', 0),
(8, 1, 'daaaaym', '2024-12-06 04:45:07', 0),
(9, 1, 'hey', '2024-12-06 04:48:56', 0),
(10, 8, 'MAKE IT WOOOOORK!!1', '2024-12-06 05:04:14', 0),
(11, 1, 'wow this is good', '2024-12-06 05:14:24', 0),
(13, 9, 'IM CRYING SO HARD', '2024-12-06 05:35:18', 0),
(15, 9, 'THIS IS SO CRAZZZZYYYYYYY!!!!', '2024-12-06 06:41:21', 0),
(17, 9, 'SLEEEEEEEEEEEEP IS FOR THE WEEEEEEEEEEEEAAAAAAAAAAAAAKKKKKK!!!!!!!!!! hahahahaha. IM SO TIRED PLEASE END ME', '2024-12-06 06:41:53', 4),
(18, 1, 'I THOUGHT IM CRAZY BUT I THINK IM LEVELING UP AS INSANE ', '2024-12-06 06:48:28', 8);

-- --------------------------------------------------------

--
-- Table structure for table `events`
--

CREATE TABLE `events` (
  `event_id` int NOT NULL,
  `character_id` int NOT NULL,
  `event_name` varchar(100) COLLATE utf8mb4_general_ci NOT NULL,
  `description` text COLLATE utf8mb4_general_ci,
  `heart_level` varchar(500) CHARACTER SET utf8mb4 COLLATE utf8mb4_general_ci NOT NULL,
  `created_at` timestamp NULL DEFAULT CURRENT_TIMESTAMP,
  `updated_at` timestamp NULL DEFAULT CURRENT_TIMESTAMP ON UPDATE CURRENT_TIMESTAMP
) ENGINE=InnoDB DEFAULT CHARSET=utf8mb4 COLLATE=utf8mb4_general_ci;

--
-- Dumping data for table `events`
--

INSERT INTO `events` (`event_id`, `character_id`, `event_name`, `description`, `heart_level`, `created_at`, `updated_at`) VALUES
(3, 48, 'Two Hearts', '&lt;p&gt;Upon reaching Two Hearts with March, he will send the player a letter with the Heart Quest for Surprise Me,&lt;/p&gt;\r\n&lt;p&gt;asking for the player to meet with him at the Blacksmith&#039;s Shop.&lt;/p&gt;\r\n&lt;p&gt;[Player],&lt;/p&gt;\r\n&lt;p&gt;Meet me at the Blacksmith&#039;s, and don&#039;t keep me waiting.&lt;/p&gt;\r\n&lt;p&gt;March&lt;/p&gt;\r\n&lt;p&gt;Meeting March at the Blacksmith&#039;s Shop will complete the Heart Quest.&lt;/p&gt;', '2', '2024-12-05 23:35:38', '2024-12-05 23:41:02'),
(4, 48, 'Four Hearts', '&lt;p&gt;Upon reaching Four Hearts with March,&amp;nbsp;Olric will send the player a letter with the Heart Quest for Many Hands Make Light Work, asking for the player to meet with him at the forge by the Blacksmith&#039;s Shop.&lt;/p&gt;\r\n&lt;p&gt;Hey [Player]!&lt;/p&gt;\r\n&lt;p&gt;Are you busy? March and I sure are! We can hardly keep up with all our work.&lt;/p&gt;\r\n&lt;p&gt;March told me your blacksmithing has been improving, and that I shouldn&#039;t tell you he said that. Buuuut what I think he meant to say was &quot;I sure hope [Ari] can help us out!&quot;&lt;/p&gt;\r\n&lt;p&gt;Hope to see you at the forge soon!&lt;/p&gt;\r\n&lt;p&gt;Your pal,&lt;/p&gt;\r\n&lt;p&gt;Olric&lt;/p&gt;\r\n&lt;p&gt;&lt;strong&gt;Details&lt;/strong&gt;&lt;/p&gt;\r\n&lt;p&gt;After reaching Four Hearts with March, he will send you four&lt;strong&gt; Iron Ingot&lt;/strong&gt; on your birthday every year.&lt;/p&gt;\r\n&lt;p&gt;&amp;nbsp;&lt;/p&gt;', '4', '2024-12-05 23:42:04', '2024-12-05 23:44:45'),
(6, 43, 'Two Hearts', '&lt;p&gt;Upon reaching Two Hearts with Eiland, he will send the player a letter with the Heart Quest for The Stele, asking for the player to meet with him outside the Manor House.&lt;/p&gt;\r\n&lt;p&gt;[Player],&lt;/p&gt;\r\n&lt;p&gt;I&#039;m sure by now you&#039;ve seen that Mistria is full of ancient places, with many more left to discover.&lt;/p&gt;\r\n&lt;p&gt;If you&#039;re interested, meet me at the Manor House and I can show you a particularly interesting site on the grounds!&lt;/p&gt;\r\n&lt;p&gt;Eiland&lt;/p&gt;\r\n&lt;p&gt;Meeting with Eiland will complete the Heart Quest.&lt;/p&gt;', '2', '2024-12-05 23:51:10', '2024-12-06 01:28:10'),
(7, 43, 'Four Hearts', '&lt;p&gt;Upon reaching four hearts with Eiland, he will send the player a letter with the Heart Quest for To the Ruins!, asking for the player to meet him at the Western Ruins.&lt;/p&gt;\r\n&lt;p&gt;[Player],&lt;/p&gt;\r\n&lt;p&gt;The new text you uncovered has been an enormous help regarding the whereabouts of the Dragonsworn Armor.&lt;/p&gt;\r\n&lt;p&gt;I have every reason to believe that we can discover more at the Western Ruins.&lt;/p&gt;\r\n&lt;p&gt;Meet me there and we can begin!&lt;/p&gt;\r\n&lt;p&gt;Eiland&lt;/p&gt;\r\n&lt;p&gt;Meeting with Eiland will complete the Heart Quest.&lt;/p&gt;\r\n&lt;p&gt;&lt;strong&gt;Details&lt;/strong&gt;&lt;/p&gt;\r\n&lt;p&gt;After reaching Four Hearts with Eiland, he will send you a Chocolate Cake on your birthday every year.&lt;/p&gt;', '4', '2024-12-06 00:00:11', '2024-12-06 00:00:11'),
(8, 47, 'Two Hearts', '&lt;p&gt;Upon reaching Two Hearts with Celine, she will send the player a letter with the&lt;/p&gt;\r\n&lt;p&gt;Heart Quest for The Unusual Seed, asking for the player to meet with her at&amp;nbsp;Celine&#039;s Cottage.&lt;/p&gt;\r\n&lt;p&gt;[Player],&lt;/p&gt;\r\n&lt;p&gt;Could you come to my house when you have a moment?&lt;/p&gt;\r\n&lt;p&gt;I&#039;ve got a question about a flower that I hope you can help with!&lt;/p&gt;\r\n&lt;p&gt;Celine&lt;/p&gt;\r\n&lt;p&gt;Meeting Celine in her cottage will complete the Heart Quest.&lt;/p&gt;', '2', '2024-12-06 00:01:02', '2024-12-06 01:32:38'),
(9, 47, 'Four Hearts', '&lt;p&gt;Upon reaching four hearts with Celine, she will send the player a letter with the Heart Quest for Water and Soil, asking for the player to meet her at Celine&#039;s Cottage.&lt;/p&gt;\r\n&lt;p&gt;[Player],&lt;/p&gt;\r\n&lt;p&gt;The seed we found still hasn&#039;t sprouted...&lt;/p&gt;\r\n&lt;p&gt;I&#039;ve been doing research into it and I&#039;m starting to think its growth conditions might be very particular.&lt;/p&gt;\r\n&lt;p&gt;Could you come over and lend me your insight as a farmer as well? It&#039;d be very appreciated!&lt;/p&gt;\r\n&lt;p&gt;Celine&lt;/p&gt;\r\n&lt;p&gt;Meeting Celine at her cottage will complete the Heart Quest.&lt;/p&gt;\r\n&lt;p&gt;&lt;strong&gt;Details &lt;/strong&gt;&lt;/p&gt;\r\n&lt;p&gt;After reaching Four Hearts with&amp;nbsp;Celine, she will send you a Rose Tea on your birthday every year.&lt;/p&gt;', '4', '2024-12-06 00:01:29', '2024-12-06 00:01:29'),
(10, 51, 'Two Hearts', '&lt;p&gt;Upon reaching Two Hearts with Juniper, she will post the&amp;nbsp;Heart Quest,&amp;nbsp;Becoming Juniper&#039;s Guinea Pig, on the message board advertising that she&#039;s giving away free health tonics at the&amp;nbsp;Bathhouse.&lt;/p&gt;\r\n&lt;p&gt;Come and get your free health tonic at Juniper&#039;s Bathhouse!&lt;/p&gt;\r\n&lt;p&gt;Clears your pores, freshens your breath, and side effects are minimal.&lt;/p&gt;\r\n&lt;p&gt;Available while supplies last.&lt;/p&gt;\r\n&lt;p&gt;Meeting Juniper at the Bathhouse will complete the Heart Quest.&lt;/p&gt;', '2', '2024-12-06 00:02:08', '2024-12-06 00:02:08'),
(11, 51, 'Four Hearts', '&lt;p&gt;Upon reaching Four Hearts with Juniper, she will send the player a letter with the Heart Quest for Horsing Around, asking the player to meet her at the Bathhouse.&lt;/p&gt;\r\n&lt;p&gt;[Player],&lt;/p&gt;\r\n&lt;p&gt;I&#039;ve prepared a potion to test on you, so come to the bathhouse.&lt;/p&gt;\r\n&lt;p&gt;Don&#039;t make me wait too long, or I might just test it on someone else.&lt;/p&gt;\r\n&lt;p&gt;Juniper&lt;/p&gt;\r\n&lt;p&gt;Meeting Juniper at the Bathhouse will complete the Heart Quest.&lt;/p&gt;', '4', '2024-12-06 00:02:31', '2024-12-06 00:02:31'),
(12, 52, 'Two Hearts', '&lt;p&gt;Upon reaching Two Hearts with Reina, she will send the player a letter with the&amp;nbsp;&lt;a title=&quot;Quests&quot; href=&quot;https://fieldsofmistria.wiki.gg/wiki/Quests#Heart_Quests&quot;&gt;Heart Quest&lt;/a&gt;&amp;nbsp;for&amp;nbsp;&lt;strong&gt;Pie in the Sky&lt;/strong&gt;, asking the player to meet her at the&amp;nbsp;&lt;a title=&quot;Inn&quot; href=&quot;https://fieldsofmistria.wiki.gg/wiki/Inn&quot;&gt;Inn&lt;/a&gt;.&lt;/p&gt;\r\n&lt;blockquote&gt;\r\n&lt;p&gt;&lt;em&gt;[Player],&lt;/em&gt;&lt;/p&gt;\r\n&lt;p&gt;&lt;em&gt;You&#039;ve been in town too long without getting to taste test a new dish of mine. I think I&#039;ve got just the recipe to try out on a hardworking farmer like you.&lt;/em&gt;&lt;/p&gt;\r\n&lt;p&gt;&lt;em&gt;Come by the Inn when you get a chance!&lt;/em&gt;&lt;/p&gt;\r\n&lt;p&gt;&lt;em&gt;Reina&lt;/em&gt;&lt;/p&gt;\r\n&lt;/blockquote&gt;\r\n&lt;p&gt;Meeting Reina at the Inn will complete the Heart Quest.&lt;/p&gt;\r\n&lt;p&gt;Upon reaching Two Hearts with Reina, she will send the player a letter with the&amp;nbsp;Heart Quest&amp;nbsp;for&amp;nbsp;Pie in the Sky, asking the player to meet her at the&amp;nbsp;Inn.&lt;/p&gt;\r\n&lt;p&gt;[Player],&lt;/p&gt;\r\n&lt;p&gt;You&#039;ve been in town too long without getting to taste test a new dish of mine. I think I&#039;ve got just the recipe to try out on a hardworking farmer like you.&lt;/p&gt;\r\n&lt;p&gt;Come by the Inn when you get a chance!&lt;/p&gt;\r\n&lt;p&gt;Reina&lt;/p&gt;\r\n&lt;p&gt;Meeting Reina at the Inn will complete the Heart Quest.&lt;/p&gt;', '2', '2024-12-06 00:03:33', '2024-12-06 00:03:33'),
(13, 52, 'Four Hearts', '&lt;p&gt;Upon reaching Four Hearts with Reina, she will send the player a letter with the&amp;nbsp;&lt;a title=&quot;Quests&quot; href=&quot;https://fieldsofmistria.wiki.gg/wiki/Quests#Heart_Quests&quot;&gt;Heart Quest&lt;/a&gt;&amp;nbsp;for&amp;nbsp;&lt;strong&gt;Shopping Buddy&lt;/strong&gt;, asking the player to meet her at the&amp;nbsp;&lt;a title=&quot;General Store&quot; href=&quot;https://fieldsofmistria.wiki.gg/wiki/General_Store&quot;&gt;General Store&lt;/a&gt;.&lt;/p&gt;\r\n&lt;blockquote&gt;\r\n&lt;p&gt;&lt;em&gt;Hey [Player]!&lt;/em&gt;&lt;/p&gt;\r\n&lt;p&gt;&lt;em&gt;If you&#039;re free, I could use a shopping buddy! I want to pick out ingredients that&#039;ll really wow the judges.&lt;/em&gt;&lt;/p&gt;\r\n&lt;p&gt;&lt;em&gt;Meet me at the General Store when you&#039;ve got time!&lt;/em&gt;&lt;/p&gt;\r\n&lt;p&gt;&lt;em&gt;Reina&lt;/em&gt;&lt;/p&gt;\r\n&lt;/blockquote&gt;\r\n&lt;p&gt;Meeting Reina at the Inn will complete the Heart Quest.&lt;/p&gt;', '4', '2024-12-06 00:03:49', '2024-12-06 00:03:49');

-- --------------------------------------------------------

--
-- Table structure for table `gift_preferences`
--

CREATE TABLE `gift_preferences` (
  `preference_id` int NOT NULL,
  `character_id` int NOT NULL,
  `loved_gifts` text COLLATE utf8mb4_general_ci,
  `liked_gifts` text COLLATE utf8mb4_general_ci,
  `disliked_gifts` text COLLATE utf8mb4_general_ci,
  `hated_gifts` text COLLATE utf8mb4_general_ci,
  `banned_gifts` text COLLATE utf8mb4_general_ci,
  `created_at` timestamp NULL DEFAULT CURRENT_TIMESTAMP,
  `updated_at` timestamp NULL DEFAULT CURRENT_TIMESTAMP ON UPDATE CURRENT_TIMESTAMP
) ENGINE=InnoDB DEFAULT CHARSET=utf8mb4 COLLATE=utf8mb4_general_ci;

--
-- Dumping data for table `gift_preferences`
--

INSERT INTO `gift_preferences` (`preference_id`, `character_id`, `loved_gifts`, `liked_gifts`, `disliked_gifts`, `hated_gifts`, `banned_gifts`, `created_at`, `updated_at`) VALUES
(2, 53, '&lt;ul style=&quot;list-style-type: none;&quot;&gt;\r\n&lt;li style=&quot;list-style-type: square;&quot;&gt;Coffee&lt;/li&gt;\r\n&lt;li style=&quot;list-style-type: square;&quot;&gt;Gazpacho&lt;/li&gt;\r\n&lt;li style=&quot;list-style-type: square;&quot;&gt;Lemon Pie&lt;/li&gt;\r\n&lt;li style=&quot;list-style-type: square;&quot;&gt;Middlemist&lt;/li&gt;\r\n&lt;li style=&quot;list-style-type: square;&quot;&gt;Mistril Ingot&lt;/li&gt;\r\n&lt;li style=&quot;list-style-type: square;&quot;&gt;Peaches and Cream&lt;/li&gt;\r\n&lt;li style=&quot;list-style-type: square;&quot;&gt;Perfect Pink Diamond&lt;/li&gt;\r\n&lt;li style=&quot;list-style-type: square;&quot;&gt;Plum Blossom&lt;/li&gt;\r\n&lt;li style=&quot;list-style-type: square;&quot;&gt;Pumpkin Pie&lt;/li&gt;\r\n&lt;li style=&quot;list-style-type: square;&quot;&gt;Cup of Tea&lt;/li&gt;\r\n&lt;/ul&gt;', '&lt;ul style=&quot;list-style-type: none;&quot;&gt;\r\n&lt;li style=&quot;list-style-type: square;&quot;&gt;Candied Lemon Peel&lt;/li&gt;\r\n&lt;li style=&quot;list-style-type: square;&quot;&gt;Ore Diamond&lt;/li&gt;\r\n&lt;li style=&quot;list-style-type: square;&quot;&gt;Heather&lt;/li&gt;\r\n&lt;li style=&quot;list-style-type: square;&quot;&gt;Lemon&lt;/li&gt;\r\n&lt;li style=&quot;list-style-type: square;&quot;&gt;Sour Lemon Cake&lt;/li&gt;\r\n&lt;li style=&quot;list-style-type: square;&quot;&gt;Lemonade&lt;/li&gt;\r\n&lt;li style=&quot;list-style-type: square;&quot;&gt;Ore Mistril&lt;/li&gt;\r\n&lt;li style=&quot;list-style-type: square;&quot;&gt;Paper&lt;/li&gt;\r\n&lt;li style=&quot;list-style-type: square;&quot;&gt;Peach&lt;/li&gt;\r\n&lt;li style=&quot;list-style-type: square;&quot;&gt;Pineshroom Toast&lt;/li&gt;\r\n&lt;li style=&quot;list-style-type: square;&quot;&gt;Ore Pink Diamond&lt;/li&gt;\r\n&lt;li style=&quot;list-style-type: square;&quot;&gt;Pumpkin Stew&lt;/li&gt;\r\n&lt;li style=&quot;list-style-type: square;&quot;&gt;Red Wine&lt;/li&gt;\r\n&lt;li style=&quot;list-style-type: square;&quot;&gt;Snapdragon&lt;/li&gt;\r\n&lt;li style=&quot;list-style-type: square;&quot;&gt;Spicy Cheddar Biscuit&lt;/li&gt;\r\n&lt;li style=&quot;list-style-type: square;&quot;&gt;Tulip&lt;/li&gt;\r\n&lt;li style=&quot;list-style-type: square;&quot;&gt;Vegetable Soup&lt;/li&gt;\r\n&lt;li style=&quot;list-style-type: square;&quot;&gt;White Wine&lt;/li&gt;\r\n&lt;li style=&quot;list-style-type: square;&quot;&gt;Wildberry Pie&lt;/li&gt;\r\n&lt;li style=&quot;list-style-type: square;&quot;&gt;Wildberry Scone&lt;/li&gt;\r\n&lt;/ul&gt;', '&lt;ul style=&quot;list-style-type: none;&quot;&gt;\r\n&lt;li style=&quot;list-style-type: square;&quot;&gt;Junk&lt;/li&gt;\r\n&lt;li style=&quot;list-style-type: square;&quot;&gt;Bugs&lt;/li&gt;\r\n&lt;li style=&quot;list-style-type: square;&quot;&gt;Mushroomy&lt;/li&gt;\r\n&lt;li style=&quot;list-style-type: square;&quot;&gt;Weird Gift&lt;/li&gt;\r\n&lt;/ul&gt;', '&lt;ul style=&quot;list-style-type: none;&quot;&gt;\r\n&lt;li style=&quot;list-style-type: square;&quot;&gt;Morel Mushroom&lt;/li&gt;\r\n&lt;/ul&gt;', '', '2024-12-06 01:10:25', '2024-12-06 01:10:25'),
(4, 54, '&lt;ul style=&quot;list-style-type: none;&quot;&gt;\r\n&lt;li style=&quot;list-style-type: square;&quot;&gt;Alda Gem Bracelet&lt;/li&gt;\r\n&lt;li style=&quot;list-style-type: square;&quot;&gt;Apple Honey Curry&lt;/li&gt;\r\n&lt;li style=&quot;list-style-type: square;&quot;&gt;Chili Coconut Curry&lt;/li&gt;\r\n&lt;li style=&quot;list-style-type: square;&quot;&gt;Deluxe Curry&lt;/li&gt;\r\n&lt;li style=&quot;list-style-type: square;&quot;&gt;Family Crest Pendant&lt;/li&gt;\r\n&lt;li style=&quot;list-style-type: square;&quot;&gt;Perfect Diamond&lt;/li&gt;\r\n&lt;li style=&quot;list-style-type: square;&quot;&gt;Perfect Emerald&lt;/li&gt;\r\n&lt;li style=&quot;list-style-type: square;&quot;&gt;Perfect Pink Diamond&lt;/li&gt;\r\n&lt;li style=&quot;list-style-type: square;&quot;&gt;Perfect Ruby&lt;/li&gt;\r\n&lt;li style=&quot;list-style-type: square;&quot;&gt;Perfect Sapphire&lt;/li&gt;\r\n&lt;/ul&gt;', '&lt;ul style=&quot;list-style-type: none;&quot;&gt;\r\n&lt;li style=&quot;list-style-type: square;&quot;&gt;Cauliflower Curry&lt;/li&gt;\r\n&lt;li style=&quot;list-style-type: square;&quot;&gt;Chickpea Curry&lt;/li&gt;\r\n&lt;li style=&quot;list-style-type: square;&quot;&gt;Crystal Rose&lt;/li&gt;\r\n&lt;li style=&quot;list-style-type: square;&quot;&gt;Ore Diamond&lt;/li&gt;\r\n&lt;li style=&quot;list-style-type: square;&quot;&gt;Ore Emerald&lt;/li&gt;\r\n&lt;li style=&quot;list-style-type: square;&quot;&gt;Fog Orchid&lt;/li&gt;\r\n&lt;li style=&quot;list-style-type: square;&quot;&gt;Frost Lily&lt;/li&gt;\r\n&lt;li style=&quot;list-style-type: square;&quot;&gt;Gold Ingot&lt;/li&gt;\r\n&lt;li style=&quot;list-style-type: square;&quot;&gt;Ore Gold&lt;/li&gt;\r\n&lt;li style=&quot;list-style-type: square;&quot;&gt;Golden Cookies&lt;/li&gt;\r\n&lt;li style=&quot;list-style-type: square;&quot;&gt;Golden Cheesecake&lt;/li&gt;\r\n&lt;li style=&quot;list-style-type: square;&quot;&gt;Jasmine&lt;/li&gt;\r\n&lt;li style=&quot;list-style-type: square;&quot;&gt;Perfect Gold Ore&lt;/li&gt;\r\n&lt;li style=&quot;list-style-type: square;&quot;&gt;Ore Pink Diamond&lt;/li&gt;\r\n&lt;li style=&quot;list-style-type: square;&quot;&gt;Rose&lt;/li&gt;\r\n&lt;li style=&quot;list-style-type: square;&quot;&gt;Ore Ruby&lt;/li&gt;\r\n&lt;li style=&quot;list-style-type: square;&quot;&gt;Rusted Treasure Chest&lt;/li&gt;\r\n&lt;li style=&quot;list-style-type: square;&quot;&gt;Ore Sapphire&lt;/li&gt;\r\n&lt;li style=&quot;list-style-type: square;&quot;&gt;Sapphire Betta&lt;/li&gt;\r\n&lt;li style=&quot;list-style-type: square;&quot;&gt;Snowdrop Anemone&lt;/li&gt;\r\n&lt;/ul&gt;', '&lt;ul style=&quot;list-style-type: none;&quot;&gt;\r\n&lt;li style=&quot;list-style-type: square;&quot;&gt;Junk&lt;/li&gt;\r\n&lt;li style=&quot;list-style-type: square;&quot;&gt;Bugs&lt;/li&gt;\r\n&lt;li style=&quot;list-style-type: square;&quot;&gt;Weird Gift&lt;/li&gt;\r\n&lt;/ul&gt;', '&lt;table style=&quot;width: 952px;&quot;&gt;\r\n&lt;tbody&gt;\r\n&lt;tr&gt;\r\n&lt;td&gt;\r\n&lt;ul style=&quot;list-style-type: none;&quot;&gt;\r\n&lt;li style=&quot;list-style-type: square;&quot;&gt;Ant&lt;/li&gt;\r\n&lt;/ul&gt;\r\n&lt;/td&gt;\r\n&lt;/tr&gt;\r\n&lt;/tbody&gt;\r\n&lt;/table&gt;\r\n&lt;p&gt;&amp;nbsp;&lt;/p&gt;', '', '2024-12-06 01:19:01', '2024-12-06 01:19:01'),
(5, 47, '&lt;ul style=&quot;list-style-type: none;&quot;&gt;\r\n&lt;li style=&quot;list-style-type: square;&quot;&gt;Breath of Fire&lt;/li&gt;\r\n&lt;li style=&quot;list-style-type: square;&quot;&gt;Crystal Rose&lt;/li&gt;\r\n&lt;li style=&quot;list-style-type: square;&quot;&gt;Essence Blossom&lt;/li&gt;\r\n&lt;li style=&quot;list-style-type: square;&quot;&gt;Frost Lily&lt;/li&gt;\r\n&lt;li style=&quot;list-style-type: square;&quot;&gt;Hydrangea&lt;/li&gt;\r\n&lt;li style=&quot;list-style-type: square;&quot;&gt;Middlemist&lt;/li&gt;\r\n&lt;li style=&quot;list-style-type: square;&quot;&gt;Plum Blossom&lt;/li&gt;\r\n&lt;li style=&quot;list-style-type: square;&quot;&gt;Rose&lt;/li&gt;\r\n&lt;li style=&quot;list-style-type: square;&quot;&gt;Snowdrop Anemone&lt;/li&gt;\r\n&lt;li style=&quot;list-style-type: square;&quot;&gt;Spring Galette&lt;/li&gt;\r\n&lt;/ul&gt;', '&lt;ul style=&quot;list-style-type: none;&quot;&gt;\r\n&lt;li style=&quot;list-style-type: square;&quot;&gt;Catmint&lt;/li&gt;\r\n&lt;li style=&quot;list-style-type: square;&quot;&gt;Celosia&lt;/li&gt;\r\n&lt;li style=&quot;list-style-type: square;&quot;&gt;Chrysanthemum&lt;/li&gt;\r\n&lt;li style=&quot;list-style-type: square;&quot;&gt;Cosmos&lt;/li&gt;\r\n&lt;li style=&quot;list-style-type: square;&quot;&gt;Crocus&lt;/li&gt;\r\n&lt;li style=&quot;list-style-type: square;&quot;&gt;Daffodil&lt;/li&gt;\r\n&lt;li style=&quot;list-style-type: square;&quot;&gt;Daisy&lt;/li&gt;\r\n&lt;li style=&quot;list-style-type: square;&quot;&gt;Dandelion&lt;/li&gt;\r\n&lt;li style=&quot;list-style-type: square;&quot;&gt;Heather&lt;/li&gt;\r\n&lt;li style=&quot;list-style-type: square;&quot;&gt;Iris&lt;/li&gt;\r\n&lt;li style=&quot;list-style-type: square;&quot;&gt;Jasmine&lt;/li&gt;\r\n&lt;li style=&quot;list-style-type: square;&quot;&gt;Lilac&lt;/li&gt;\r\n&lt;li style=&quot;list-style-type: square;&quot;&gt;Marigold&lt;/li&gt;\r\n&lt;li style=&quot;list-style-type: square;&quot;&gt;Poinsettia&lt;/li&gt;\r\n&lt;li style=&quot;list-style-type: square;&quot;&gt;Rose Tea&lt;/li&gt;\r\n&lt;li style=&quot;list-style-type: square;&quot;&gt;Snapdragon&lt;/li&gt;\r\n&lt;li style=&quot;list-style-type: square;&quot;&gt;Spring Salad&lt;/li&gt;\r\n&lt;li style=&quot;list-style-type: square;&quot;&gt;Sunflower&lt;/li&gt;\r\n&lt;li style=&quot;list-style-type: square;&quot;&gt;Tulip&lt;/li&gt;\r\n&lt;li style=&quot;list-style-type: square;&quot;&gt;Viola&lt;/li&gt;\r\n&lt;/ul&gt;', '&lt;ul style=&quot;list-style-type: none;&quot;&gt;\r\n&lt;li style=&quot;list-style-type: square;&quot;&gt;Junk&lt;/li&gt;\r\n&lt;li style=&quot;list-style-type: square;&quot;&gt;Bugs&lt;/li&gt;\r\n&lt;li style=&quot;list-style-type: square;&quot;&gt;Weird Gift&lt;/li&gt;\r\n&lt;/ul&gt;', '&lt;ul style=&quot;list-style-type: none;&quot;&gt;\r\n&lt;li style=&quot;list-style-type: square;&quot;&gt;Caterpillar&lt;/li&gt;\r\n&lt;/ul&gt;', '', '2024-12-06 01:19:38', '2024-12-06 01:19:38'),
(6, 13, '&lt;ul style=&quot;list-style-type: none;&quot;&gt;\r\n&lt;li style=&quot;list-style-type: square;&quot;&gt;Alda Bronze Sword&lt;/li&gt;\r\n&lt;li style=&quot;list-style-type: square;&quot;&gt;Aldarian Sword&lt;/li&gt;\r\n&lt;li style=&quot;list-style-type: square;&quot;&gt;Apple Juice&lt;/li&gt;\r\n&lt;li style=&quot;list-style-type: square;&quot;&gt;Bullfrog&lt;/li&gt;\r\n&lt;li style=&quot;list-style-type: square;&quot;&gt;Caldosian Sword&lt;/li&gt;\r\n&lt;li style=&quot;list-style-type: square;&quot;&gt;Chocolate&lt;/li&gt;\r\n&lt;li style=&quot;list-style-type: square;&quot;&gt;Golden Cookies&lt;/li&gt;\r\n&lt;li style=&quot;list-style-type: square;&quot;&gt;Hermit Crab&lt;/li&gt;\r\n&lt;li style=&quot;list-style-type: square;&quot;&gt;Ice Cream Sundae&lt;/li&gt;\r\n&lt;li style=&quot;list-style-type: square;&quot;&gt;Jam Sandwich&lt;/li&gt;\r\n&lt;/ul&gt;', '&lt;ul style=&quot;list-style-type: none;&quot;&gt;\r\n&lt;li style=&quot;list-style-type: square;&quot;&gt;Apple&lt;/li&gt;\r\n&lt;li style=&quot;list-style-type: square;&quot;&gt;Basic Wood&lt;/li&gt;\r\n&lt;li style=&quot;list-style-type: square;&quot;&gt;Blackberry&lt;/li&gt;\r\n&lt;li style=&quot;list-style-type: square;&quot;&gt;Caramel Candy&lt;/li&gt;\r\n&lt;li style=&quot;list-style-type: square;&quot;&gt;Cattail&lt;/li&gt;\r\n&lt;li style=&quot;list-style-type: square;&quot;&gt;Clay&lt;/li&gt;\r\n&lt;li style=&quot;list-style-type: square;&quot;&gt;Frog&lt;/li&gt;\r\n&lt;li style=&quot;list-style-type: square;&quot;&gt;Glowberry Cookies&lt;/li&gt;\r\n&lt;li style=&quot;list-style-type: square;&quot;&gt;Grape Juice&lt;/li&gt;\r\n&lt;li style=&quot;list-style-type: square;&quot;&gt;Grilled Cheese&lt;/li&gt;\r\n&lt;li style=&quot;list-style-type: square;&quot;&gt;Hot Cocoa&lt;/li&gt;\r\n&lt;li style=&quot;list-style-type: square;&quot;&gt;Sour Lemon Cake&lt;/li&gt;\r\n&lt;li style=&quot;list-style-type: square;&quot;&gt;Lemonade&lt;/li&gt;\r\n&lt;li style=&quot;list-style-type: square;&quot;&gt;Lightning Dragonfly&lt;/li&gt;\r\n&lt;li style=&quot;list-style-type: square;&quot;&gt;Monster Cookie&lt;/li&gt;\r\n&lt;li style=&quot;list-style-type: square;&quot;&gt;Pudding&lt;/li&gt;\r\n&lt;li style=&quot;list-style-type: square;&quot;&gt;Snail&lt;/li&gt;\r\n&lt;li style=&quot;list-style-type: square;&quot;&gt;Ore Stone&lt;/li&gt;\r\n&lt;li style=&quot;list-style-type: square;&quot;&gt;Trail Mix&lt;/li&gt;\r\n&lt;li style=&quot;list-style-type: square;&quot;&gt;Turtle&lt;/li&gt;\r\n&lt;/ul&gt;', '&lt;ul style=&quot;list-style-type: none;&quot;&gt;\r\n&lt;li style=&quot;list-style-type: square;&quot;&gt;Junk&lt;/li&gt;\r\n&lt;li style=&quot;list-style-type: square;&quot;&gt;Weird Gift&lt;/li&gt;\r\n&lt;li style=&quot;list-style-type: square;&quot;&gt;Caffeine&lt;/li&gt;\r\n&lt;li style=&quot;list-style-type: square;&quot;&gt;Alcohol&lt;/li&gt;\r\n&lt;/ul&gt;', '&lt;ul style=&quot;list-style-type: none;&quot;&gt;\r\n&lt;li style=&quot;list-style-type: square;&quot;&gt;Broccoli&lt;/li&gt;\r\n&lt;/ul&gt;', '&lt;ul style=&quot;list-style-type: none;&quot;&gt;\r\n&lt;li style=&quot;list-style-type: square;&quot;&gt;Alcohol&lt;/li&gt;\r\n&lt;li style=&quot;list-style-type: square;&quot;&gt;Caffeine&lt;/li&gt;\r\n&lt;/ul&gt;', '2024-12-06 01:20:33', '2024-12-06 01:20:33'),
(7, 12, '&lt;ul style=&quot;list-style-type: none;&quot;&gt;\r\n&lt;li style=&quot;list-style-type: square;&quot;&gt;Basic Wood&lt;/li&gt;\r\n&lt;li style=&quot;list-style-type: square;&quot;&gt;Hard Boiled Egg&lt;/li&gt;\r\n&lt;li style=&quot;list-style-type: square;&quot;&gt;Catfish&lt;/li&gt;\r\n&lt;li style=&quot;list-style-type: square;&quot;&gt;Crystalline Cricket&lt;/li&gt;\r\n&lt;li style=&quot;list-style-type: square;&quot;&gt;Golden Duck Egg&lt;/li&gt;\r\n&lt;li style=&quot;list-style-type: square;&quot;&gt;Golden Egg&lt;/li&gt;\r\n&lt;li style=&quot;list-style-type: square;&quot;&gt;Hard Wood&lt;/li&gt;\r\n&lt;li style=&quot;list-style-type: square;&quot;&gt;Monster Cookie&lt;/li&gt;\r\n&lt;li style=&quot;list-style-type: square;&quot;&gt;Petrified Wood&lt;/li&gt;\r\n&lt;li style=&quot;list-style-type: square;&quot;&gt;Tiny Dinosaur Skeleton&lt;/li&gt;\r\n&lt;/ul&gt;', '&lt;ul style=&quot;list-style-type: none;&quot;&gt;\r\n&lt;li style=&quot;list-style-type: square;&quot;&gt;Butterfly&lt;/li&gt;\r\n&lt;li style=&quot;list-style-type: square;&quot;&gt;Carrot&lt;/li&gt;\r\n&lt;li style=&quot;list-style-type: square;&quot;&gt;Cicada&lt;/li&gt;\r\n&lt;li style=&quot;list-style-type: square;&quot;&gt;Cod&lt;/li&gt;\r\n&lt;li style=&quot;list-style-type: square;&quot;&gt;Cricket&lt;/li&gt;\r\n&lt;li style=&quot;list-style-type: square;&quot;&gt;Duck Egg&lt;/li&gt;\r\n&lt;li style=&quot;list-style-type: square;&quot;&gt;Egg&lt;/li&gt;\r\n&lt;li style=&quot;list-style-type: square;&quot;&gt;Firefly&lt;/li&gt;\r\n&lt;li style=&quot;list-style-type: square;&quot;&gt;Fuzzy Moth&lt;/li&gt;\r\n&lt;li style=&quot;list-style-type: square;&quot;&gt;Grasshopper&lt;/li&gt;\r\n&lt;li style=&quot;list-style-type: square;&quot;&gt;Mackerel&lt;/li&gt;\r\n&lt;li style=&quot;list-style-type: square;&quot;&gt;Monster Shell&lt;/li&gt;\r\n&lt;li style=&quot;list-style-type: square;&quot;&gt;Monster Hoop&lt;/li&gt;\r\n&lt;li style=&quot;list-style-type: square;&quot;&gt;Pumpkin&lt;/li&gt;\r\n&lt;li style=&quot;list-style-type: square;&quot;&gt;Red Snapper&lt;/li&gt;\r\n&lt;li style=&quot;list-style-type: square;&quot;&gt;Rockroot&lt;/li&gt;\r\n&lt;li style=&quot;list-style-type: square;&quot;&gt;Salmon&lt;/li&gt;\r\n&lt;li style=&quot;list-style-type: square;&quot;&gt;Sardine&lt;/li&gt;\r\n&lt;li style=&quot;list-style-type: square;&quot;&gt;Sod&lt;/li&gt;\r\n&lt;li style=&quot;list-style-type: square;&quot;&gt;Tuna&lt;/li&gt;\r\n&lt;/ul&gt;', '&lt;ul style=&quot;list-style-type: none;&quot;&gt;\r\n&lt;li style=&quot;list-style-type: square;&quot;&gt;Junk&lt;/li&gt;\r\n&lt;li style=&quot;list-style-type: square;&quot;&gt;Citrus&lt;/li&gt;\r\n&lt;li style=&quot;list-style-type: square;&quot;&gt;Choco&lt;/li&gt;\r\n&lt;li style=&quot;list-style-type: square;&quot;&gt;Caffeine&lt;/li&gt;\r\n&lt;li style=&quot;list-style-type: square;&quot;&gt;Alcohol&lt;/li&gt;\r\n&lt;li style=&quot;list-style-type: square;&quot;&gt;Weird Gift&lt;/li&gt;\r\n&lt;/ul&gt;', '&lt;ul style=&quot;list-style-type: none;&quot;&gt;\r\n&lt;li style=&quot;list-style-type: square;&quot;&gt;Chili Pepper&lt;/li&gt;\r\n&lt;/ul&gt;', '&lt;ul style=&quot;list-style-type: none;&quot;&gt;\r\n&lt;li style=&quot;list-style-type: square;&quot;&gt;Alcohol&lt;/li&gt;\r\n&lt;li style=&quot;list-style-type: square;&quot;&gt;Caffeine&lt;/li&gt;\r\n&lt;li style=&quot;list-style-type: square;&quot;&gt;Choco&lt;/li&gt;\r\n&lt;/ul&gt;', '2024-12-06 01:21:06', '2024-12-06 01:21:06'),
(8, 43, '&lt;ul style=&quot;list-style-type: none;&quot;&gt;\r\n&lt;li style=&quot;list-style-type: square;&quot;&gt;Caldosian Chocolate Cake&lt;/li&gt;\r\n&lt;li style=&quot;list-style-type: square;&quot;&gt;Coconut Cream Pie&lt;/li&gt;\r\n&lt;li style=&quot;list-style-type: square;&quot;&gt;Glowberry Cookies&lt;/li&gt;\r\n&lt;li style=&quot;list-style-type: square;&quot;&gt;Golden Cheesecake&lt;/li&gt;\r\n&lt;li style=&quot;list-style-type: square;&quot;&gt;Golden Cookies&lt;/li&gt;\r\n&lt;li style=&quot;list-style-type: square;&quot;&gt;Ice Cream Sundae&lt;/li&gt;\r\n&lt;li style=&quot;list-style-type: square;&quot;&gt;Mont Blanc&lt;/li&gt;\r\n&lt;li style=&quot;list-style-type: square;&quot;&gt;Pumpkin Pie&lt;/li&gt;\r\n&lt;li style=&quot;list-style-type: square;&quot;&gt;Spell Fruit Parfait&lt;/li&gt;\r\n&lt;li style=&quot;list-style-type: square;&quot;&gt;Strawberry Shortcake&lt;/li&gt;\r\n&lt;/ul&gt;', '&lt;ul style=&quot;list-style-type: none;&quot;&gt;\r\n&lt;li style=&quot;list-style-type: square;&quot;&gt;Apple Pie&lt;/li&gt;\r\n&lt;li style=&quot;list-style-type: square;&quot;&gt;Berries and Cream&lt;/li&gt;\r\n&lt;li style=&quot;list-style-type: square;&quot;&gt;Candied Lemon Peel&lt;/li&gt;\r\n&lt;li style=&quot;list-style-type: square;&quot;&gt;Candied Strawberries&lt;/li&gt;\r\n&lt;li style=&quot;list-style-type: square;&quot;&gt;Caramelized Moon Fruit&lt;/li&gt;\r\n&lt;li style=&quot;list-style-type: square;&quot;&gt;Caramel Candy&lt;/li&gt;\r\n&lt;li style=&quot;list-style-type: square;&quot;&gt;Cherry Cobbler&lt;/li&gt;\r\n&lt;li style=&quot;list-style-type: square;&quot;&gt;Cherry Tart&lt;/li&gt;\r\n&lt;li style=&quot;list-style-type: square;&quot;&gt;Chocolate&lt;/li&gt;\r\n&lt;li style=&quot;list-style-type: square;&quot;&gt;Crystal Berry Pie&lt;/li&gt;\r\n&lt;li style=&quot;list-style-type: square;&quot;&gt;Sour Lemon Cake&lt;/li&gt;\r\n&lt;li style=&quot;list-style-type: square;&quot;&gt;Lemon Pie&lt;/li&gt;\r\n&lt;li style=&quot;list-style-type: square;&quot;&gt;Peaches and Cream&lt;/li&gt;\r\n&lt;li style=&quot;list-style-type: square;&quot;&gt;Pomegranate Sorbet&lt;/li&gt;\r\n&lt;li style=&quot;list-style-type: square;&quot;&gt;Pudding&lt;/li&gt;\r\n&lt;li style=&quot;list-style-type: square;&quot;&gt;Roasted Rice Tea&lt;/li&gt;\r\n&lt;li style=&quot;list-style-type: square;&quot;&gt;Strawberries and Cream&lt;/li&gt;\r\n&lt;li style=&quot;list-style-type: square;&quot;&gt;Sweet Sesame Balls&lt;/li&gt;\r\n&lt;li style=&quot;list-style-type: square;&quot;&gt;Wildberry Pie&lt;/li&gt;\r\n&lt;li style=&quot;list-style-type: square;&quot;&gt;Wintergreen Ice Cream&lt;/li&gt;\r\n&lt;/ul&gt;', '&lt;ul style=&quot;list-style-type: none;&quot;&gt;\r\n&lt;li style=&quot;list-style-type: square;&quot;&gt;Junk&lt;/li&gt;\r\n&lt;li style=&quot;list-style-type: square;&quot;&gt;Bugs&lt;/li&gt;\r\n&lt;li style=&quot;list-style-type: square;&quot;&gt;Weird Gift&lt;/li&gt;\r\n&lt;/ul&gt;', '&lt;ul style=&quot;list-style-type: none;&quot;&gt;\r\n&lt;li style=&quot;list-style-type: square;&quot;&gt;Frog&lt;/li&gt;\r\n&lt;/ul&gt;', '', '2024-12-06 01:21:44', '2024-12-06 01:21:44'),
(9, 14, '&lt;ul style=&quot;list-style-type: none;&quot;&gt;\r\n&lt;li style=&quot;list-style-type: square;&quot;&gt;Alda Feather Pendant&lt;/li&gt;\r\n&lt;li style=&quot;list-style-type: square;&quot;&gt;Cranberry Orange Scone&lt;/li&gt;\r\n&lt;li style=&quot;list-style-type: square;&quot;&gt;Crystal Rose&lt;/li&gt;\r\n&lt;li style=&quot;list-style-type: square;&quot;&gt;Jasmine Tea&lt;/li&gt;\r\n&lt;li style=&quot;list-style-type: square;&quot;&gt;Mont Blanc&lt;/li&gt;\r\n&lt;li style=&quot;list-style-type: square;&quot;&gt;Paper&lt;/li&gt;\r\n&lt;li style=&quot;list-style-type: square;&quot;&gt;Perfect Diamond&lt;/li&gt;\r\n&lt;li style=&quot;list-style-type: square;&quot;&gt;Poached Pear&lt;/li&gt;\r\n&lt;li style=&quot;list-style-type: square;&quot;&gt;Rose&lt;/li&gt;\r\n&lt;li style=&quot;list-style-type: square;&quot;&gt;Wildberry Scone&lt;/li&gt;\r\n&lt;/ul&gt;', '&lt;ul style=&quot;list-style-type: none;&quot;&gt;\r\n&lt;li style=&quot;list-style-type: square;&quot;&gt;Blackberry Jam&lt;/li&gt;\r\n&lt;li style=&quot;list-style-type: square;&quot;&gt;Blueberry Jam&lt;/li&gt;\r\n&lt;li style=&quot;list-style-type: square;&quot;&gt;Cherry Tart&lt;/li&gt;\r\n&lt;li style=&quot;list-style-type: square;&quot;&gt;Chrysanthemum&lt;/li&gt;\r\n&lt;li style=&quot;list-style-type: square;&quot;&gt;Cosmos&lt;/li&gt;\r\n&lt;li style=&quot;list-style-type: square;&quot;&gt;Crystal Berry Pie&lt;/li&gt;\r\n&lt;li style=&quot;list-style-type: square;&quot;&gt;Ore Diamond&lt;/li&gt;\r\n&lt;li style=&quot;list-style-type: square;&quot;&gt;Iris&lt;/li&gt;\r\n&lt;li style=&quot;list-style-type: square;&quot;&gt;Jasmine&lt;/li&gt;\r\n&lt;li style=&quot;list-style-type: square;&quot;&gt;Lilac&lt;/li&gt;\r\n&lt;li style=&quot;list-style-type: square;&quot;&gt;Marmalade&lt;/li&gt;\r\n&lt;li style=&quot;list-style-type: square;&quot;&gt;Moon Fruit Cake&lt;/li&gt;\r\n&lt;li style=&quot;list-style-type: square;&quot;&gt;Pomegranate Sorbet&lt;/li&gt;\r\n&lt;li style=&quot;list-style-type: square;&quot;&gt;Quiche&lt;/li&gt;\r\n&lt;li style=&quot;list-style-type: square;&quot;&gt;Red Wine&lt;/li&gt;\r\n&lt;li style=&quot;list-style-type: square;&quot;&gt;Rosehip Jam&lt;/li&gt;\r\n&lt;li style=&quot;list-style-type: square;&quot;&gt;Rose Hip&lt;/li&gt;\r\n&lt;li style=&quot;list-style-type: square;&quot;&gt;Tulip&lt;/li&gt;\r\n&lt;li style=&quot;list-style-type: square;&quot;&gt;White Wine&lt;/li&gt;\r\n&lt;li style=&quot;list-style-type: square;&quot;&gt;Wild Berry Jam&lt;/li&gt;\r\n&lt;/ul&gt;', '&lt;ul style=&quot;list-style-type: none;&quot;&gt;\r\n&lt;li style=&quot;list-style-type: square;&quot;&gt;Junk&lt;/li&gt;\r\n&lt;li style=&quot;list-style-type: square;&quot;&gt;Bugs&lt;/li&gt;\r\n&lt;li style=&quot;list-style-type: square;&quot;&gt;Weird Gift&lt;/li&gt;\r\n&lt;/ul&gt;', '&lt;ul style=&quot;list-style-type: none;&quot;&gt;\r\n&lt;li style=&quot;list-style-type: square;&quot;&gt;Praying Mantis&lt;/li&gt;\r\n&lt;/ul&gt;', '', '2024-12-06 01:22:48', '2024-12-06 01:22:48'),
(10, 15, '&lt;ul style=&quot;list-style-type: none;&quot;&gt;\r\n&lt;li style=&quot;list-style-type: square;&quot;&gt;Baked Sweetroot&lt;/li&gt;\r\n&lt;li style=&quot;list-style-type: square;&quot;&gt;Braised Burdock&lt;/li&gt;\r\n&lt;li style=&quot;list-style-type: square;&quot;&gt;Clam Chowder&lt;/li&gt;\r\n&lt;li style=&quot;list-style-type: square;&quot;&gt;Fish Skewer&lt;/li&gt;\r\n&lt;li style=&quot;list-style-type: square;&quot;&gt;Miners Helmet&lt;/li&gt;\r\n&lt;li style=&quot;list-style-type: square;&quot;&gt;Miners Mushroom Stew&lt;/li&gt;\r\n&lt;li style=&quot;list-style-type: square;&quot;&gt;Pan Fried Bream&lt;/li&gt;\r\n&lt;li style=&quot;list-style-type: square;&quot;&gt;Perch Risotto&lt;/li&gt;\r\n&lt;li style=&quot;list-style-type: square;&quot;&gt;Shard Mass&lt;/li&gt;\r\n&lt;li style=&quot;list-style-type: square;&quot;&gt;White Wine&lt;/li&gt;\r\n&lt;/ul&gt;', '&lt;ul style=&quot;list-style-type: none;&quot;&gt;\r\n&lt;li style=&quot;list-style-type: square;&quot;&gt;Apple&lt;/li&gt;\r\n&lt;li style=&quot;list-style-type: square;&quot;&gt;Beer&lt;/li&gt;\r\n&lt;li style=&quot;list-style-type: square;&quot;&gt;Breaded Catfish&lt;/li&gt;\r\n&lt;li style=&quot;list-style-type: square;&quot;&gt;Canned Sardines&lt;/li&gt;\r\n&lt;li style=&quot;list-style-type: square;&quot;&gt;Ore Copper&lt;/li&gt;\r\n&lt;li style=&quot;list-style-type: square;&quot;&gt;Fish Stew&lt;/li&gt;\r\n&lt;li style=&quot;list-style-type: square;&quot;&gt;Ore Gold&lt;/li&gt;\r\n&lt;li style=&quot;list-style-type: square;&quot;&gt;Hot Toddy&lt;/li&gt;\r\n&lt;li style=&quot;list-style-type: square;&quot;&gt;Ore Iron&lt;/li&gt;\r\n&lt;li style=&quot;list-style-type: square;&quot;&gt;Ore Mistril&lt;/li&gt;\r\n&lt;li style=&quot;list-style-type: square;&quot;&gt;Latte&lt;/li&gt;\r\n&lt;li style=&quot;list-style-type: square;&quot;&gt;Mocha&lt;/li&gt;\r\n&lt;li style=&quot;list-style-type: square;&quot;&gt;Pear&lt;/li&gt;\r\n&lt;li style=&quot;list-style-type: square;&quot;&gt;Peat&lt;/li&gt;\r\n&lt;li style=&quot;list-style-type: square;&quot;&gt;Pomegranate&lt;/li&gt;\r\n&lt;li style=&quot;list-style-type: square;&quot;&gt;Red Wine&lt;/li&gt;\r\n&lt;li style=&quot;list-style-type: square;&quot;&gt;Ore Silver&lt;/li&gt;\r\n&lt;li style=&quot;list-style-type: square;&quot;&gt;Sweetroot&lt;/li&gt;\r\n&lt;li style=&quot;list-style-type: square;&quot;&gt;Upper Mines Mushroom&lt;/li&gt;\r\n&lt;li style=&quot;list-style-type: square;&quot;&gt;Wintergreen Ice Cream&lt;/li&gt;\r\n&lt;/ul&gt;', '&lt;ul style=&quot;list-style-type: none;&quot;&gt;\r\n&lt;li style=&quot;list-style-type: square;&quot;&gt;Junk&lt;/li&gt;\r\n&lt;li style=&quot;list-style-type: square;&quot;&gt;Bugs&lt;/li&gt;\r\n&lt;li style=&quot;list-style-type: square;&quot;&gt;Weird Gift&lt;/li&gt;\r\n&lt;/ul&gt;', '&lt;ul style=&quot;list-style-type: none;&quot;&gt;\r\n&lt;li style=&quot;list-style-type: square;&quot;&gt;Hard Boiled Egg&lt;/li&gt;\r\n&lt;/ul&gt;', '', '2024-12-06 01:23:10', '2024-12-06 01:23:10'),
(11, 42, '&lt;ul style=&quot;list-style-type: none;&quot;&gt;\r\n&lt;li style=&quot;list-style-type: square;&quot;&gt;Golden Butter&lt;/li&gt;\r\n&lt;li style=&quot;list-style-type: square;&quot;&gt;Golden Cheese&lt;/li&gt;\r\n&lt;li style=&quot;list-style-type: square;&quot;&gt;Golden Duck Egg&lt;/li&gt;\r\n&lt;li style=&quot;list-style-type: square;&quot;&gt;Golden Duck Mayonnaise&lt;/li&gt;\r\n&lt;li style=&quot;list-style-type: square;&quot;&gt;Golden Egg&lt;/li&gt;\r\n&lt;li style=&quot;list-style-type: square;&quot;&gt;Golden Mayonnaise&lt;/li&gt;\r\n&lt;li style=&quot;list-style-type: square;&quot;&gt;Golden Cow Milk&lt;/li&gt;\r\n&lt;li style=&quot;list-style-type: square;&quot;&gt;Pumpkin Pie&lt;/li&gt;\r\n&lt;li style=&quot;list-style-type: square;&quot;&gt;Stone Horse&lt;/li&gt;\r\n&lt;li style=&quot;list-style-type: square;&quot;&gt;Vegetable Quiche&lt;/li&gt;\r\n&lt;/ul&gt;', '&lt;ul style=&quot;list-style-type: none;&quot;&gt;\r\n&lt;li style=&quot;list-style-type: square;&quot;&gt;Apple Pie&lt;/li&gt;\r\n&lt;li style=&quot;list-style-type: square;&quot;&gt;Butter&lt;/li&gt;\r\n&lt;li style=&quot;list-style-type: square;&quot;&gt;Cheese&lt;/li&gt;\r\n&lt;li style=&quot;list-style-type: square;&quot;&gt;Coconut Cream Pie&lt;/li&gt;\r\n&lt;li style=&quot;list-style-type: square;&quot;&gt;Coffee&lt;/li&gt;\r\n&lt;li style=&quot;list-style-type: square;&quot;&gt;Crystal Berry Pie&lt;/li&gt;\r\n&lt;li style=&quot;list-style-type: square;&quot;&gt;Duck Egg&lt;/li&gt;\r\n&lt;li style=&quot;list-style-type: square;&quot;&gt;Duck Mayonnaise&lt;/li&gt;\r\n&lt;li style=&quot;list-style-type: square;&quot;&gt;Egg&lt;/li&gt;\r\n&lt;li style=&quot;list-style-type: square;&quot;&gt;Lemon Pie&lt;/li&gt;\r\n&lt;li style=&quot;list-style-type: square;&quot;&gt;Loaded Baked Potato&lt;/li&gt;\r\n&lt;li style=&quot;list-style-type: square;&quot;&gt;Mayonnaise&lt;/li&gt;\r\n&lt;li style=&quot;list-style-type: square;&quot;&gt;Cow Milk&lt;/li&gt;\r\n&lt;li style=&quot;list-style-type: square;&quot;&gt;Mushroom Steak Dinner&lt;/li&gt;\r\n&lt;li style=&quot;list-style-type: square;&quot;&gt;Pumpkin Stew&lt;/li&gt;\r\n&lt;li style=&quot;list-style-type: square;&quot;&gt;Quiche&lt;/li&gt;\r\n&lt;li style=&quot;list-style-type: square;&quot;&gt;Sweet Potato Pie&lt;/li&gt;\r\n&lt;li style=&quot;list-style-type: square;&quot;&gt;Cup of Tea&lt;/li&gt;\r\n&lt;li style=&quot;list-style-type: square;&quot;&gt;Vegetable Pot Pie&lt;/li&gt;\r\n&lt;li style=&quot;list-style-type: square;&quot;&gt;Wildberry Pie&lt;/li&gt;\r\n&lt;/ul&gt;', '&lt;ul style=&quot;list-style-type: none;&quot;&gt;\r\n&lt;li style=&quot;list-style-type: square;&quot;&gt;Junk&lt;/li&gt;\r\n&lt;li style=&quot;list-style-type: square;&quot;&gt;Bugs&lt;/li&gt;\r\n&lt;li style=&quot;list-style-type: square;&quot;&gt;Fishy&lt;/li&gt;\r\n&lt;/ul&gt;', '&lt;ul style=&quot;list-style-type: none;&quot;&gt;\r\n&lt;li style=&quot;list-style-type: square;&quot;&gt;Sushi Platter&lt;/li&gt;\r\n&lt;/ul&gt;', '', '2024-12-06 01:23:49', '2024-12-06 01:23:49'),
(12, 16, '&lt;ul style=&quot;list-style-type: none;&quot;&gt;\r\n&lt;li style=&quot;list-style-type: square;&quot;&gt;Berry Bowl&lt;/li&gt;\r\n&lt;li style=&quot;list-style-type: square;&quot;&gt;Animal Currency&lt;/li&gt;\r\n&lt;li style=&quot;list-style-type: square;&quot;&gt;Corn&lt;/li&gt;\r\n&lt;li style=&quot;list-style-type: square;&quot;&gt;Glowberry&lt;/li&gt;\r\n&lt;li style=&quot;list-style-type: square;&quot;&gt;Grilled Corn&lt;/li&gt;\r\n&lt;li style=&quot;list-style-type: square;&quot;&gt;Strawberry&lt;/li&gt;\r\n&lt;li style=&quot;list-style-type: square;&quot;&gt;Watermelon&lt;/li&gt;\r\n&lt;li style=&quot;list-style-type: square;&quot;&gt;Quality Small Animal Feed&lt;/li&gt;\r\n&lt;li style=&quot;list-style-type: square;&quot;&gt;Deluxe Small Animal Feed&lt;/li&gt;\r\n&lt;li style=&quot;list-style-type: square;&quot;&gt;Ultimate Small Animal Feed&lt;/li&gt;\r\n&lt;/ul&gt;', '&lt;ul style=&quot;list-style-type: none;&quot;&gt;\r\n&lt;li style=&quot;list-style-type: square;&quot;&gt;Apple&lt;/li&gt;\r\n&lt;li style=&quot;list-style-type: square;&quot;&gt;Blackberry&lt;/li&gt;\r\n&lt;li style=&quot;list-style-type: square;&quot;&gt;Blueberry&lt;/li&gt;\r\n&lt;li style=&quot;list-style-type: square;&quot;&gt;Broccoli&lt;/li&gt;\r\n&lt;li style=&quot;list-style-type: square;&quot;&gt;Cherry&lt;/li&gt;\r\n&lt;li style=&quot;list-style-type: square;&quot;&gt;Chestnut&lt;/li&gt;\r\n&lt;li style=&quot;list-style-type: square;&quot;&gt;Coconut&lt;/li&gt;\r\n&lt;li style=&quot;list-style-type: square;&quot;&gt;Cranberry&lt;/li&gt;\r\n&lt;li style=&quot;list-style-type: square;&quot;&gt;Cucumber&lt;/li&gt;\r\n&lt;li style=&quot;list-style-type: square;&quot;&gt;Grass Seed&lt;/li&gt;\r\n&lt;li style=&quot;list-style-type: square;&quot;&gt;Moon Fruit&lt;/li&gt;\r\n&lt;li style=&quot;list-style-type: square;&quot;&gt;Orange&lt;/li&gt;\r\n&lt;li style=&quot;list-style-type: square;&quot;&gt;Peach&lt;/li&gt;\r\n&lt;li style=&quot;list-style-type: square;&quot;&gt;Pear&lt;/li&gt;\r\n&lt;li style=&quot;list-style-type: square;&quot;&gt;Peas&lt;/li&gt;\r\n&lt;li style=&quot;list-style-type: square;&quot;&gt;Pomegranate&lt;/li&gt;\r\n&lt;li style=&quot;list-style-type: square;&quot;&gt;Pumpkin&lt;/li&gt;\r\n&lt;li style=&quot;list-style-type: square;&quot;&gt;Wild Berries&lt;/li&gt;\r\n&lt;li style=&quot;list-style-type: square;&quot;&gt;Wild Grapes&lt;/li&gt;\r\n&lt;li style=&quot;list-style-type: square;&quot;&gt;Wintergreen Berry&lt;/li&gt;\r\n&lt;/ul&gt;', '&lt;ul style=&quot;list-style-type: none;&quot;&gt;\r\n&lt;li style=&quot;list-style-type: square;&quot;&gt;Junk&lt;/li&gt;\r\n&lt;li style=&quot;list-style-type: square;&quot;&gt;Citrus&lt;/li&gt;\r\n&lt;li style=&quot;list-style-type: square;&quot;&gt;Choco&lt;/li&gt;\r\n&lt;li style=&quot;list-style-type: square;&quot;&gt;Caffeine&lt;/li&gt;\r\n&lt;li style=&quot;list-style-type: square;&quot;&gt;Alcohol&lt;/li&gt;\r\n&lt;li style=&quot;list-style-type: square;&quot;&gt;Weird Gift&lt;/li&gt;\r\n&lt;/ul&gt;', '&lt;ul style=&quot;list-style-type: none;&quot;&gt;\r\n&lt;li style=&quot;list-style-type: square;&quot;&gt;Garlic&lt;/li&gt;\r\n&lt;/ul&gt;', '&lt;ul style=&quot;list-style-type: none;&quot;&gt;\r\n&lt;li style=&quot;list-style-type: square;&quot;&gt;Alcohol&lt;/li&gt;\r\n&lt;li style=&quot;list-style-type: square;&quot;&gt;Caffeine&lt;/li&gt;\r\n&lt;li style=&quot;list-style-type: square;&quot;&gt;Choco&lt;/li&gt;\r\n&lt;/ul&gt;', '2024-12-06 01:24:29', '2024-12-06 01:24:29');

-- --------------------------------------------------------

--
-- Table structure for table `users`
--

CREATE TABLE `users` (
  `user_id` int NOT NULL,
  `username` varchar(50) COLLATE utf8mb4_general_ci NOT NULL,
  `password` varchar(255) COLLATE utf8mb4_general_ci NOT NULL,
  `role` enum('admin','user') COLLATE utf8mb4_general_ci NOT NULL
) ENGINE=InnoDB DEFAULT CHARSET=utf8mb4 COLLATE=utf8mb4_general_ci;

--
-- Dumping data for table `users`
--

INSERT INTO `users` (`user_id`, `username`, `password`, `role`) VALUES
(1, 'crizza', '$2y$10$R5dQycxxh8g6WGQn/9KnW.ZcJLHmYis89FdyOJdria6TW7JTsDo6W', 'admin'),
(8, 'dang', '$2y$10$qzAAERD4UUzqiEFVDO0UUer22q/oHtoZBPHYb.XcTV69jy17jd9oe', 'admin'),
(9, 'march', '$2y$10$2F.ugzht14obuLLkodduF.1dQlpg/DB48BoA8MgzYGpoOUjgRatAW', 'user'),
(10, 'love', '$2y$10$hno.aDdugfO549RoQ9Y2VOCYV3NTgXwetFL.xQoNjZD92ZQlMeinm', 'user'),
(11, 'May', '$2y$10$bZtf0HWn.b4nhjIxnPv.Weolmxp.a/fOvQzUcr6zCvIHeIQWXtDwi', 'user'),
(12, 'dbms', '$2y$10$.bNGpJnlAq2eHFlQBV8zlecRPqPaQjerzzpnqlUTyI1xb.MhyOhj2', 'user');

--
-- Indexes for dumped tables
--

--
-- Indexes for table `characters`
--
ALTER TABLE `characters`
  ADD PRIMARY KEY (`character_id`);

--
-- Indexes for table `comments`
--
ALTER TABLE `comments`
  ADD PRIMARY KEY (`comment_id`),
  ADD KEY `user_id` (`user_id`);

--
-- Indexes for table `events`
--
ALTER TABLE `events`
  ADD PRIMARY KEY (`event_id`),
  ADD KEY `character_id` (`character_id`);

--
-- Indexes for table `gift_preferences`
--
ALTER TABLE `gift_preferences`
  ADD PRIMARY KEY (`preference_id`),
  ADD KEY `character_id` (`character_id`);

--
-- Indexes for table `users`
--
ALTER TABLE `users`
  ADD PRIMARY KEY (`user_id`),
  ADD UNIQUE KEY `username` (`username`);

--
-- AUTO_INCREMENT for dumped tables
--

--
-- AUTO_INCREMENT for table `characters`
--
ALTER TABLE `characters`
  MODIFY `character_id` int NOT NULL AUTO_INCREMENT, AUTO_INCREMENT=74;

--
-- AUTO_INCREMENT for table `comments`
--
ALTER TABLE `comments`
  MODIFY `comment_id` int NOT NULL AUTO_INCREMENT, AUTO_INCREMENT=19;

--
-- AUTO_INCREMENT for table `events`
--
ALTER TABLE `events`
  MODIFY `event_id` int NOT NULL AUTO_INCREMENT, AUTO_INCREMENT=14;

--
-- AUTO_INCREMENT for table `gift_preferences`
--
ALTER TABLE `gift_preferences`
  MODIFY `preference_id` int NOT NULL AUTO_INCREMENT, AUTO_INCREMENT=13;

--
-- AUTO_INCREMENT for table `users`
--
ALTER TABLE `users`
  MODIFY `user_id` int NOT NULL AUTO_INCREMENT, AUTO_INCREMENT=13;

--
-- Constraints for dumped tables
--

--
-- Constraints for table `comments`
--
ALTER TABLE `comments`
  ADD CONSTRAINT `comments_ibfk_1` FOREIGN KEY (`user_id`) REFERENCES `users` (`user_id`);

--
-- Constraints for table `events`
--
ALTER TABLE `events`
  ADD CONSTRAINT `events_ibfk_1` FOREIGN KEY (`character_id`) REFERENCES `characters` (`character_id`);

--
-- Constraints for table `gift_preferences`
--
ALTER TABLE `gift_preferences`
  ADD CONSTRAINT `gift_preferences_ibfk_1` FOREIGN KEY (`character_id`) REFERENCES `characters` (`character_id`);
COMMIT;

/*!40101 SET CHARACTER_SET_CLIENT=@OLD_CHARACTER_SET_CLIENT */;
/*!40101 SET CHARACTER_SET_RESULTS=@OLD_CHARACTER_SET_RESULTS */;
/*!40101 SET COLLATION_CONNECTION=@OLD_COLLATION_CONNECTION */;
